city,station,lat,long,obs.period,date,pollutant,concentration,unit,datasource,station_area
Abidjan,UFHB,5.3494,-3.9772,2021-01-20 ~ 2021-04-13,2021-01-20,PM10,34.487096774193546,ug/m3,OpenAQ,NA
Abidjan,UFHB,5.3494,-3.9772,2021-01-20 ~ 2021-04-13,2021-01-21,PM10,33.397866666666665,ug/m3,OpenAQ,NA
Abidjan,UFHB,5.3494,-3.9772,2021-01-20 ~ 2021-04-13,2021-01-22,PM10,38.59352750809062,ug/m3,OpenAQ,NA
Abidjan,UFHB,5.3494,-3.9772,2021-01-20 ~ 2021-04-13,2021-01-23,PM10,48.140436241610736,ug/m3,OpenAQ,NA
Abidjan,UFHB,5.3494,-3.9772,2021-01-20 ~ 2021-04-13,2021-01-24,PM10,44.60289608177172,ug/m3,OpenAQ,NA
Abidjan,UFHB,5.3494,-3.9772,2021-01-20 ~ 2021-04-13,2021-01-25,PM10,42.16028571428571,ug/m3,OpenAQ,NA
Abidjan,UFHB,5.3494,-3.9772,2021-01-20 ~ 2021-04-13,2021-01-26,PM10,41.471886120996444,ug/m3,OpenAQ,NA
Abidjan,UFHB,5.3494,-3.9772,2021-01-20 ~ 2021-04-13,2021-01-27,PM10,36.52315573770492,ug/m3,OpenAQ,NA
Abidjan,UFHB,5.3494,-3.9772,2021-01-20 ~ 2021-04-13,2021-01-28,PM10,36.91327433628319,ug/m3,OpenAQ,NA
Abidjan,UFHB,5.3494,-3.9772,2021-01-20 ~ 2021-04-13,2021-01-29,PM10,39.931652661064426,ug/m3,OpenAQ,NA
Abidjan,UFHB,5.3494,-3.9772,2021-01-20 ~ 2021-04-13,2021-01-30,PM10,42.61506024096386,ug/m3,OpenAQ,NA
Abidjan,UFHB,5.3494,-3.9772,2021-01-20 ~ 2021-04-13,2021-01-31,PM10,28.82241813602015,ug/m3,OpenAQ,NA
Abidjan,UFHB,5.3494,-3.9772,2021-01-20 ~ 2021-04-13,2021-02-01,PM10,29.542051282051283,ug/m3,OpenAQ,NA
Abidjan,UFHB,5.3494,-3.9772,2021-01-20 ~ 2021-04-13,2021-02-02,PM10,29.368167701863353,ug/m3,OpenAQ,NA
Abidjan,UFHB,5.3494,-3.9772,2021-01-20 ~ 2021-04-13,2021-02-03,PM10,28.433024118738405,ug/m3,OpenAQ,NA
Abidjan,UFHB,5.3494,-3.9772,2021-01-20 ~ 2021-04-13,2021-02-04,PM10,28.71164383561644,ug/m3,OpenAQ,NA
Abidjan,UFHB,5.3494,-3.9772,2021-01-20 ~ 2021-04-13,2021-02-05,PM10,30.100911854103344,ug/m3,OpenAQ,NA
Abidjan,UFHB,5.3494,-3.9772,2021-01-20 ~ 2021-04-13,2021-02-06,PM10,31.084839650145774,ug/m3,OpenAQ,NA
Abidjan,UFHB,5.3494,-3.9772,2021-01-20 ~ 2021-04-13,2021-02-07,PM10,23.055042016806723,ug/m3,OpenAQ,NA
Abidjan,UFHB,5.3494,-3.9772,2021-01-20 ~ 2021-04-13,2021-04-07,PM10,16.583458646616542,ug/m3,OpenAQ,NA
Abidjan,UFHB,5.3494,-3.9772,2021-01-20 ~ 2021-04-13,2021-04-08,PM10,13.905923836389281,ug/m3,OpenAQ,NA
Abidjan,UFHB,5.3494,-3.9772,2021-01-20 ~ 2021-04-13,2021-04-09,PM10,15.937853949329359,ug/m3,OpenAQ,NA
Abidjan,UFHB,5.3494,-3.9772,2021-01-20 ~ 2021-04-13,2021-04-10,PM10,19.324786324786324,ug/m3,OpenAQ,NA
Abidjan,UFHB,5.3494,-3.9772,2021-01-20 ~ 2021-04-13,2021-04-11,PM10,10.007082152974505,ug/m3,OpenAQ,NA
Abidjan,UFHB,5.3494,-3.9772,2021-01-20 ~ 2021-04-13,2021-04-12,PM10,11.012981455064194,ug/m3,OpenAQ,NA
Abidjan,UFHB,5.3494,-3.9772,2021-01-20 ~ 2021-04-13,2021-04-13,PM10,9.352631578947369,ug/m3,OpenAQ,NA
Abidjan,UFHB,5.3494,-3.9772,2021-01-20 ~ 2021-04-13,2021-01-20,PM2.5,28.024014336917563,ug/m3,OpenAQ,NA
Abidjan,UFHB,5.3494,-3.9772,2021-01-20 ~ 2021-04-13,2021-01-21,PM2.5,27.058933333333332,ug/m3,OpenAQ,NA
Abidjan,UFHB,5.3494,-3.9772,2021-01-20 ~ 2021-04-13,2021-01-22,PM2.5,30.502588996763755,ug/m3,OpenAQ,NA
Abidjan,UFHB,5.3494,-3.9772,2021-01-20 ~ 2021-04-13,2021-01-23,PM2.5,34.55385906040269,ug/m3,OpenAQ,NA
Abidjan,UFHB,5.3494,-3.9772,2021-01-20 ~ 2021-04-13,2021-01-24,PM2.5,32.737989778534924,ug/m3,OpenAQ,NA
Abidjan,UFHB,5.3494,-3.9772,2021-01-20 ~ 2021-04-13,2021-01-25,PM2.5,31.116,ug/m3,OpenAQ,NA
Abidjan,UFHB,5.3494,-3.9772,2021-01-20 ~ 2021-04-13,2021-01-26,PM2.5,29.434875444839857,ug/m3,OpenAQ,NA
Abidjan,UFHB,5.3494,-3.9772,2021-01-20 ~ 2021-04-13,2021-01-27,PM2.5,25.590368852459015,ug/m3,OpenAQ,NA
Abidjan,UFHB,5.3494,-3.9772,2021-01-20 ~ 2021-04-13,2021-01-28,PM2.5,26.70029498525074,ug/m3,OpenAQ,NA
Abidjan,UFHB,5.3494,-3.9772,2021-01-20 ~ 2021-04-13,2021-01-29,PM2.5,30.524649859943978,ug/m3,OpenAQ,NA
Abidjan,UFHB,5.3494,-3.9772,2021-01-20 ~ 2021-04-13,2021-01-30,PM2.5,32.96686746987952,ug/m3,OpenAQ,NA
Abidjan,UFHB,5.3494,-3.9772,2021-01-20 ~ 2021-04-13,2021-01-31,PM2.5,22.884130982367758,ug/m3,OpenAQ,NA
Abidjan,UFHB,5.3494,-3.9772,2021-01-20 ~ 2021-04-13,2021-02-01,PM2.5,23.504102564102563,ug/m3,OpenAQ,NA
Abidjan,UFHB,5.3494,-3.9772,2021-01-20 ~ 2021-04-13,2021-02-02,PM2.5,23.125155279503105,ug/m3,OpenAQ,NA
Abidjan,UFHB,5.3494,-3.9772,2021-01-20 ~ 2021-04-13,2021-02-03,PM2.5,21.72003710575139,ug/m3,OpenAQ,NA
Abidjan,UFHB,5.3494,-3.9772,2021-01-20 ~ 2021-04-13,2021-02-04,PM2.5,21.541095890410958,ug/m3,OpenAQ,NA
Abidjan,UFHB,5.3494,-3.9772,2021-01-20 ~ 2021-04-13,2021-02-05,PM2.5,22.81550151975684,ug/m3,OpenAQ,NA
Abidjan,UFHB,5.3494,-3.9772,2021-01-20 ~ 2021-04-13,2021-02-06,PM2.5,24.0865889212828,ug/m3,OpenAQ,NA
Abidjan,UFHB,5.3494,-3.9772,2021-01-20 ~ 2021-04-13,2021-02-07,PM2.5,18.09327731092437,ug/m3,OpenAQ,NA
Abidjan,UFHB,5.3494,-3.9772,2021-01-20 ~ 2021-04-13,2021-04-07,PM2.5,11.859774436090225,ug/m3,OpenAQ,NA
Abidjan,UFHB,5.3494,-3.9772,2021-01-20 ~ 2021-04-13,2021-04-08,PM2.5,10.07672778561354,ug/m3,OpenAQ,NA
Abidjan,UFHB,5.3494,-3.9772,2021-01-20 ~ 2021-04-13,2021-04-09,PM2.5,12.317287630402385,ug/m3,OpenAQ,NA
Abidjan,UFHB,5.3494,-3.9772,2021-01-20 ~ 2021-04-13,2021-04-10,PM2.5,14.832136752136751,ug/m3,OpenAQ,NA
Abidjan,UFHB,5.3494,-3.9772,2021-01-20 ~ 2021-04-13,2021-04-11,PM2.5,7.885552407932011,ug/m3,OpenAQ,NA
Abidjan,UFHB,5.3494,-3.9772,2021-01-20 ~ 2021-04-13,2021-04-12,PM2.5,8.80114122681883,ug/m3,OpenAQ,NA
Abidjan,UFHB,5.3494,-3.9772,2021-01-20 ~ 2021-04-13,2021-04-13,PM2.5,7.404615384615385,ug/m3,OpenAQ,NA
Abidjan,US Diplomatic Post: Abidjan,5.335049,-3.976023,2020-03-15 ~ 2021-03-31,2020-03-15,PM2.5,22,ug/m3,OpenAQ,NA
Abidjan,US Diplomatic Post: Abidjan,5.335049,-3.976023,2020-03-15 ~ 2021-03-31,2020-03-16,PM2.5,19.541666666666668,ug/m3,OpenAQ,NA
Abidjan,US Diplomatic Post: Abidjan,5.335049,-3.976023,2020-03-15 ~ 2021-03-31,2020-03-17,PM2.5,21.541666666666668,ug/m3,OpenAQ,NA
Abidjan,US Diplomatic Post: Abidjan,5.335049,-3.976023,2020-03-15 ~ 2021-03-31,2020-03-18,PM2.5,30.25,ug/m3,OpenAQ,NA
Abidjan,US Diplomatic Post: Abidjan,5.335049,-3.976023,2020-03-15 ~ 2021-03-31,2020-03-19,PM2.5,27.75,ug/m3,OpenAQ,NA
Abidjan,US Diplomatic Post: Abidjan,5.335049,-3.976023,2020-03-15 ~ 2021-03-31,2020-03-20,PM2.5,24.458333333333332,ug/m3,OpenAQ,NA
Abidjan,US Diplomatic Post: Abidjan,5.335049,-3.976023,2020-03-15 ~ 2021-03-31,2020-03-21,PM2.5,23.041666666666668,ug/m3,OpenAQ,NA
Abidjan,US Diplomatic Post: Abidjan,5.335049,-3.976023,2020-03-15 ~ 2021-03-31,2020-03-22,PM2.5,22.333333333333332,ug/m3,OpenAQ,NA
Abidjan,US Diplomatic Post: Abidjan,5.335049,-3.976023,2020-03-15 ~ 2021-03-31,2020-03-23,PM2.5,15.428571428571429,ug/m3,OpenAQ,NA
Abidjan,US Diplomatic Post: Abidjan,5.335049,-3.976023,2020-03-15 ~ 2021-03-31,2020-03-24,PM2.5,10.916666666666666,ug/m3,OpenAQ,NA
Abidjan,US Diplomatic Post: Abidjan,5.335049,-3.976023,2020-03-15 ~ 2021-03-31,2020-03-25,PM2.5,8.333333333333334,ug/m3,OpenAQ,NA
Abidjan,US Diplomatic Post: Abidjan,5.335049,-3.976023,2020-03-15 ~ 2021-03-31,2020-03-26,PM2.5,7.208333333333333,ug/m3,OpenAQ,NA
Abidjan,US Diplomatic Post: Abidjan,5.335049,-3.976023,2020-03-15 ~ 2021-03-31,2020-03-27,PM2.5,7.375,ug/m3,OpenAQ,NA
Abidjan,US Diplomatic Post: Abidjan,5.335049,-3.976023,2020-03-15 ~ 2021-03-31,2020-03-28,PM2.5,7.666666666666667,ug/m3,OpenAQ,NA
Abidjan,US Diplomatic Post: Abidjan,5.335049,-3.976023,2020-03-15 ~ 2021-03-31,2020-03-29,PM2.5,5.625,ug/m3,OpenAQ,NA
Abidjan,US Diplomatic Post: Abidjan,5.335049,-3.976023,2020-03-15 ~ 2021-03-31,2020-03-30,PM2.5,7.166666666666667,ug/m3,OpenAQ,NA
Abidjan,US Diplomatic Post: Abidjan,5.335049,-3.976023,2020-03-15 ~ 2021-03-31,2020-03-31,PM2.5,4.25,ug/m3,OpenAQ,NA
Abidjan,US Diplomatic Post: Abidjan,5.335049,-3.976023,2020-03-15 ~ 2021-03-31,2020-04-01,PM2.5,17.25,ug/m3,OpenAQ,NA
Abidjan,US Diplomatic Post: Abidjan,5.335049,-3.976023,2020-03-15 ~ 2021-03-31,2020-04-07,PM2.5,18,ug/m3,OpenAQ,NA
Abidjan,US Diplomatic Post: Abidjan,5.335049,-3.976023,2020-03-15 ~ 2021-03-31,2020-04-08,PM2.5,16.166666666666668,ug/m3,OpenAQ,NA
Abidjan,US Diplomatic Post: Abidjan,5.335049,-3.976023,2020-03-15 ~ 2021-03-31,2020-04-09,PM2.5,20.833333333333332,ug/m3,OpenAQ,NA
Abidjan,US Diplomatic Post: Abidjan,5.335049,-3.976023,2020-03-15 ~ 2021-03-31,2020-04-10,PM2.5,25.5,ug/m3,OpenAQ,NA
Abidjan,US Diplomatic Post: Abidjan,5.335049,-3.976023,2020-03-15 ~ 2021-03-31,2020-04-11,PM2.5,33.416666666666664,ug/m3,OpenAQ,NA
Abidjan,US Diplomatic Post: Abidjan,5.335049,-3.976023,2020-03-15 ~ 2021-03-31,2020-04-12,PM2.5,25,ug/m3,OpenAQ,NA
Abidjan,US Diplomatic Post: Abidjan,5.335049,-3.976023,2020-03-15 ~ 2021-03-31,2020-04-13,PM2.5,15.583333333333334,ug/m3,OpenAQ,NA
Abidjan,US Diplomatic Post: Abidjan,5.335049,-3.976023,2020-03-15 ~ 2021-03-31,2020-04-14,PM2.5,23.708333333333332,ug/m3,OpenAQ,NA
Abidjan,US Diplomatic Post: Abidjan,5.335049,-3.976023,2020-03-15 ~ 2021-03-31,2020-04-15,PM2.5,28.958333333333332,ug/m3,OpenAQ,NA
Abidjan,US Diplomatic Post: Abidjan,5.335049,-3.976023,2020-03-15 ~ 2021-03-31,2020-04-16,PM2.5,29.125,ug/m3,OpenAQ,NA
Abidjan,US Diplomatic Post: Abidjan,5.335049,-3.976023,2020-03-15 ~ 2021-03-31,2020-04-17,PM2.5,23.958333333333332,ug/m3,OpenAQ,NA
Abidjan,US Diplomatic Post: Abidjan,5.335049,-3.976023,2020-03-15 ~ 2021-03-31,2020-04-18,PM2.5,21.375,ug/m3,OpenAQ,NA
Abidjan,US Diplomatic Post: Abidjan,5.335049,-3.976023,2020-03-15 ~ 2021-03-31,2020-04-19,PM2.5,21.25,ug/m3,OpenAQ,NA
Abidjan,US Diplomatic Post: Abidjan,5.335049,-3.976023,2020-03-15 ~ 2021-03-31,2020-04-20,PM2.5,18.38095238095238,ug/m3,OpenAQ,NA
Abidjan,US Diplomatic Post: Abidjan,5.335049,-3.976023,2020-03-15 ~ 2021-03-31,2020-04-21,PM2.5,21.434782608695652,ug/m3,OpenAQ,NA
Abidjan,US Diplomatic Post: Abidjan,5.335049,-3.976023,2020-03-15 ~ 2021-03-31,2020-04-22,PM2.5,22.47826086956522,ug/m3,OpenAQ,NA
Abidjan,US Diplomatic Post: Abidjan,5.335049,-3.976023,2020-03-15 ~ 2021-03-31,2020-04-23,PM2.5,35.6,ug/m3,OpenAQ,NA
Abidjan,US Diplomatic Post: Abidjan,5.335049,-3.976023,2020-03-15 ~ 2021-03-31,2020-04-24,PM2.5,22.733333333333334,ug/m3,OpenAQ,NA
Abidjan,US Diplomatic Post: Abidjan,5.335049,-3.976023,2020-03-15 ~ 2021-03-31,2020-04-25,PM2.5,21.347826086956523,ug/m3,OpenAQ,NA
Abidjan,US Diplomatic Post: Abidjan,5.335049,-3.976023,2020-03-15 ~ 2021-03-31,2020-04-26,PM2.5,12.857142857142858,ug/m3,OpenAQ,NA
Abidjan,US Diplomatic Post: Abidjan,5.335049,-3.976023,2020-03-15 ~ 2021-03-31,2020-04-28,PM2.5,17.27777777777778,ug/m3,OpenAQ,NA
Abidjan,US Diplomatic Post: Abidjan,5.335049,-3.976023,2020-03-15 ~ 2021-03-31,2020-04-29,PM2.5,11.733333333333333,ug/m3,OpenAQ,NA
Abidjan,US Diplomatic Post: Abidjan,5.335049,-3.976023,2020-03-15 ~ 2021-03-31,2020-04-30,PM2.5,11.5,ug/m3,OpenAQ,NA
Abidjan,US Diplomatic Post: Abidjan,5.335049,-3.976023,2020-03-15 ~ 2021-03-31,2020-05-01,PM2.5,13.6,ug/m3,OpenAQ,NA
Abidjan,US Diplomatic Post: Abidjan,5.335049,-3.976023,2020-03-15 ~ 2021-03-31,2020-05-02,PM2.5,16.2,ug/m3,OpenAQ,NA
Abidjan,US Diplomatic Post: Abidjan,5.335049,-3.976023,2020-03-15 ~ 2021-03-31,2020-05-03,PM2.5,16.15,ug/m3,OpenAQ,NA
Abidjan,US Diplomatic Post: Abidjan,5.335049,-3.976023,2020-03-15 ~ 2021-03-31,2020-05-04,PM2.5,20.083333333333332,ug/m3,OpenAQ,NA
Abidjan,US Diplomatic Post: Abidjan,5.335049,-3.976023,2020-03-15 ~ 2021-03-31,2020-05-05,PM2.5,19.692307692307693,ug/m3,OpenAQ,NA
Abidjan,US Diplomatic Post: Abidjan,5.335049,-3.976023,2020-03-15 ~ 2021-03-31,2020-05-06,PM2.5,20.666666666666668,ug/m3,OpenAQ,NA
Abidjan,US Diplomatic Post: Abidjan,5.335049,-3.976023,2020-03-15 ~ 2021-03-31,2020-05-07,PM2.5,19.428571428571427,ug/m3,OpenAQ,NA
Abidjan,US Diplomatic Post: Abidjan,5.335049,-3.976023,2020-03-15 ~ 2021-03-31,2020-05-08,PM2.5,26.42105263157895,ug/m3,OpenAQ,NA
Abidjan,US Diplomatic Post: Abidjan,5.335049,-3.976023,2020-03-15 ~ 2021-03-31,2020-05-09,PM2.5,17.95,ug/m3,OpenAQ,NA
Abidjan,US Diplomatic Post: Abidjan,5.335049,-3.976023,2020-03-15 ~ 2021-03-31,2020-05-10,PM2.5,15.736842105263158,ug/m3,OpenAQ,NA
Abidjan,US Diplomatic Post: Abidjan,5.335049,-3.976023,2020-03-15 ~ 2021-03-31,2020-05-11,PM2.5,20.4,ug/m3,OpenAQ,NA
Abidjan,US Diplomatic Post: Abidjan,5.335049,-3.976023,2020-03-15 ~ 2021-03-31,2020-05-12,PM2.5,22.25,ug/m3,OpenAQ,NA
Abidjan,US Diplomatic Post: Abidjan,5.335049,-3.976023,2020-03-15 ~ 2021-03-31,2020-05-13,PM2.5,15.833333333333334,ug/m3,OpenAQ,NA
Abidjan,US Diplomatic Post: Abidjan,5.335049,-3.976023,2020-03-15 ~ 2021-03-31,2020-05-14,PM2.5,13.23076923076923,ug/m3,OpenAQ,NA
Abidjan,US Diplomatic Post: Abidjan,5.335049,-3.976023,2020-03-15 ~ 2021-03-31,2020-05-15,PM2.5,16.545454545454547,ug/m3,OpenAQ,NA
Abidjan,US Diplomatic Post: Abidjan,5.335049,-3.976023,2020-03-15 ~ 2021-03-31,2020-05-16,PM2.5,18.77777777777778,ug/m3,OpenAQ,NA
Abidjan,US Diplomatic Post: Abidjan,5.335049,-3.976023,2020-03-15 ~ 2021-03-31,2020-05-17,PM2.5,18.789473684210527,ug/m3,OpenAQ,NA
Abidjan,US Diplomatic Post: Abidjan,5.335049,-3.976023,2020-03-15 ~ 2021-03-31,2020-05-18,PM2.5,15.210526315789474,ug/m3,OpenAQ,NA
Abidjan,US Diplomatic Post: Abidjan,5.335049,-3.976023,2020-03-15 ~ 2021-03-31,2020-05-19,PM2.5,17.27777777777778,ug/m3,OpenAQ,NA
Abidjan,US Diplomatic Post: Abidjan,5.335049,-3.976023,2020-03-15 ~ 2021-03-31,2020-05-20,PM2.5,20.263157894736842,ug/m3,OpenAQ,NA
Abidjan,US Diplomatic Post: Abidjan,5.335049,-3.976023,2020-03-15 ~ 2021-03-31,2020-05-21,PM2.5,22,ug/m3,OpenAQ,NA
Abidjan,US Diplomatic Post: Abidjan,5.335049,-3.976023,2020-03-15 ~ 2021-03-31,2020-05-22,PM2.5,17.6,ug/m3,OpenAQ,NA
Abidjan,US Diplomatic Post: Abidjan,5.335049,-3.976023,2020-03-15 ~ 2021-03-31,2020-05-23,PM2.5,15.947368421052632,ug/m3,OpenAQ,NA
Abidjan,US Diplomatic Post: Abidjan,5.335049,-3.976023,2020-03-15 ~ 2021-03-31,2020-05-24,PM2.5,17.863636363636363,ug/m3,OpenAQ,NA
Abidjan,US Diplomatic Post: Abidjan,5.335049,-3.976023,2020-03-15 ~ 2021-03-31,2020-05-25,PM2.5,22.736842105263158,ug/m3,OpenAQ,NA
Abidjan,US Diplomatic Post: Abidjan,5.335049,-3.976023,2020-03-15 ~ 2021-03-31,2020-05-26,PM2.5,22.09090909090909,ug/m3,OpenAQ,NA
Abidjan,US Diplomatic Post: Abidjan,5.335049,-3.976023,2020-03-15 ~ 2021-03-31,2020-05-27,PM2.5,27,ug/m3,OpenAQ,NA
Abidjan,US Diplomatic Post: Abidjan,5.335049,-3.976023,2020-03-15 ~ 2021-03-31,2020-05-28,PM2.5,26.31578947368421,ug/m3,OpenAQ,NA
Abidjan,US Diplomatic Post: Abidjan,5.335049,-3.976023,2020-03-15 ~ 2021-03-31,2020-05-29,PM2.5,19.095238095238095,ug/m3,OpenAQ,NA
Abidjan,US Diplomatic Post: Abidjan,5.335049,-3.976023,2020-03-15 ~ 2021-03-31,2020-05-30,PM2.5,13,ug/m3,OpenAQ,NA
Abidjan,US Diplomatic Post: Abidjan,5.335049,-3.976023,2020-03-15 ~ 2021-03-31,2020-05-31,PM2.5,19.105263157894736,ug/m3,OpenAQ,NA
Abidjan,US Diplomatic Post: Abidjan,5.335049,-3.976023,2020-03-15 ~ 2021-03-31,2020-06-01,PM2.5,21.235294117647058,ug/m3,OpenAQ,NA
Abidjan,US Diplomatic Post: Abidjan,5.335049,-3.976023,2020-03-15 ~ 2021-03-31,2020-06-02,PM2.5,20.095238095238095,ug/m3,OpenAQ,NA
Abidjan,US Diplomatic Post: Abidjan,5.335049,-3.976023,2020-03-15 ~ 2021-03-31,2020-06-03,PM2.5,18.615384615384617,ug/m3,OpenAQ,NA
Abidjan,US Diplomatic Post: Abidjan,5.335049,-3.976023,2020-03-15 ~ 2021-03-31,2020-06-04,PM2.5,21.65,ug/m3,OpenAQ,NA
Abidjan,US Diplomatic Post: Abidjan,5.335049,-3.976023,2020-03-15 ~ 2021-03-31,2020-06-05,PM2.5,15.705882352941176,ug/m3,OpenAQ,NA
Abidjan,US Diplomatic Post: Abidjan,5.335049,-3.976023,2020-03-15 ~ 2021-03-31,2020-06-06,PM2.5,18.727272727272727,ug/m3,OpenAQ,NA
Abidjan,US Diplomatic Post: Abidjan,5.335049,-3.976023,2020-03-15 ~ 2021-03-31,2020-06-07,PM2.5,23.35,ug/m3,OpenAQ,NA
Abidjan,US Diplomatic Post: Abidjan,5.335049,-3.976023,2020-03-15 ~ 2021-03-31,2020-06-08,PM2.5,27.636363636363637,ug/m3,OpenAQ,NA
Abidjan,US Diplomatic Post: Abidjan,5.335049,-3.976023,2020-03-15 ~ 2021-03-31,2020-06-09,PM2.5,21.68421052631579,ug/m3,OpenAQ,NA
Abidjan,US Diplomatic Post: Abidjan,5.335049,-3.976023,2020-03-15 ~ 2021-03-31,2020-06-10,PM2.5,21.88235294117647,ug/m3,OpenAQ,NA
Abidjan,US Diplomatic Post: Abidjan,5.335049,-3.976023,2020-03-15 ~ 2021-03-31,2020-06-11,PM2.5,26,ug/m3,OpenAQ,NA
Abidjan,US Diplomatic Post: Abidjan,5.335049,-3.976023,2020-03-15 ~ 2021-03-31,2020-06-12,PM2.5,17.38888888888889,ug/m3,OpenAQ,NA
Abidjan,US Diplomatic Post: Abidjan,5.335049,-3.976023,2020-03-15 ~ 2021-03-31,2020-06-13,PM2.5,21.46153846153846,ug/m3,OpenAQ,NA
Abidjan,US Diplomatic Post: Abidjan,5.335049,-3.976023,2020-03-15 ~ 2021-03-31,2020-06-14,PM2.5,26.05263157894737,ug/m3,OpenAQ,NA
Abidjan,US Diplomatic Post: Abidjan,5.335049,-3.976023,2020-03-15 ~ 2021-03-31,2020-06-15,PM2.5,26.5,ug/m3,OpenAQ,NA
Abidjan,US Diplomatic Post: Abidjan,5.335049,-3.976023,2020-03-15 ~ 2021-03-31,2020-06-16,PM2.5,25.357142857142858,ug/m3,OpenAQ,NA
Abidjan,US Diplomatic Post: Abidjan,5.335049,-3.976023,2020-03-15 ~ 2021-03-31,2020-06-17,PM2.5,19.444444444444443,ug/m3,OpenAQ,NA
Abidjan,US Diplomatic Post: Abidjan,5.335049,-3.976023,2020-03-15 ~ 2021-03-31,2020-06-18,PM2.5,23.9375,ug/m3,OpenAQ,NA
Abidjan,US Diplomatic Post: Abidjan,5.335049,-3.976023,2020-03-15 ~ 2021-03-31,2020-06-19,PM2.5,25.625,ug/m3,OpenAQ,NA
Abidjan,US Diplomatic Post: Abidjan,5.335049,-3.976023,2020-03-15 ~ 2021-03-31,2020-06-20,PM2.5,29.59090909090909,ug/m3,OpenAQ,NA
Abidjan,US Diplomatic Post: Abidjan,5.335049,-3.976023,2020-03-15 ~ 2021-03-31,2020-06-21,PM2.5,16.88235294117647,ug/m3,OpenAQ,NA
Abidjan,US Diplomatic Post: Abidjan,5.335049,-3.976023,2020-03-15 ~ 2021-03-31,2020-06-22,PM2.5,20.916666666666668,ug/m3,OpenAQ,NA
Abidjan,US Diplomatic Post: Abidjan,5.335049,-3.976023,2020-03-15 ~ 2021-03-31,2020-06-23,PM2.5,41.95238095238095,ug/m3,OpenAQ,NA
Abidjan,US Diplomatic Post: Abidjan,5.335049,-3.976023,2020-03-15 ~ 2021-03-31,2020-06-24,PM2.5,27.15,ug/m3,OpenAQ,NA
Abidjan,US Diplomatic Post: Abidjan,5.335049,-3.976023,2020-03-15 ~ 2021-03-31,2020-06-25,PM2.5,28.19047619047619,ug/m3,OpenAQ,NA
Abidjan,US Diplomatic Post: Abidjan,5.335049,-3.976023,2020-03-15 ~ 2021-03-31,2020-06-26,PM2.5,26.75,ug/m3,OpenAQ,NA
Abidjan,US Diplomatic Post: Abidjan,5.335049,-3.976023,2020-03-15 ~ 2021-03-31,2020-06-27,PM2.5,17.25,ug/m3,OpenAQ,NA
Abidjan,US Diplomatic Post: Abidjan,5.335049,-3.976023,2020-03-15 ~ 2021-03-31,2020-06-28,PM2.5,18.90909090909091,ug/m3,OpenAQ,NA
Abidjan,US Diplomatic Post: Abidjan,5.335049,-3.976023,2020-03-15 ~ 2021-03-31,2020-06-29,PM2.5,19.444444444444443,ug/m3,OpenAQ,NA
Abidjan,US Diplomatic Post: Abidjan,5.335049,-3.976023,2020-03-15 ~ 2021-03-31,2020-06-30,PM2.5,24.294117647058822,ug/m3,OpenAQ,NA
Abidjan,US Diplomatic Post: Abidjan,5.335049,-3.976023,2020-03-15 ~ 2021-03-31,2020-07-01,PM2.5,24.11111111111111,ug/m3,OpenAQ,NA
Abidjan,US Diplomatic Post: Abidjan,5.335049,-3.976023,2020-03-15 ~ 2021-03-31,2020-07-08,PM2.5,25.55,ug/m3,OpenAQ,NA
Abidjan,US Diplomatic Post: Abidjan,5.335049,-3.976023,2020-03-15 ~ 2021-03-31,2020-07-09,PM2.5,28.63157894736842,ug/m3,OpenAQ,NA
Abidjan,US Diplomatic Post: Abidjan,5.335049,-3.976023,2020-03-15 ~ 2021-03-31,2020-07-10,PM2.5,28.541666666666668,ug/m3,OpenAQ,NA
Abidjan,US Diplomatic Post: Abidjan,5.335049,-3.976023,2020-03-15 ~ 2021-03-31,2020-07-11,PM2.5,31.76923076923077,ug/m3,OpenAQ,NA
Abidjan,US Diplomatic Post: Abidjan,5.335049,-3.976023,2020-03-15 ~ 2021-03-31,2020-07-13,PM2.5,24.952380952380953,ug/m3,OpenAQ,NA
Abidjan,US Diplomatic Post: Abidjan,5.335049,-3.976023,2020-03-15 ~ 2021-03-31,2020-07-16,PM2.5,14.894736842105264,ug/m3,OpenAQ,NA
Abidjan,US Diplomatic Post: Abidjan,5.335049,-3.976023,2020-03-15 ~ 2021-03-31,2020-07-17,PM2.5,16.125,ug/m3,OpenAQ,NA
Abidjan,US Diplomatic Post: Abidjan,5.335049,-3.976023,2020-03-15 ~ 2021-03-31,2020-07-18,PM2.5,17.875,ug/m3,OpenAQ,NA
Abidjan,US Diplomatic Post: Abidjan,5.335049,-3.976023,2020-03-15 ~ 2021-03-31,2020-07-19,PM2.5,13.791666666666666,ug/m3,OpenAQ,NA
Abidjan,US Diplomatic Post: Abidjan,5.335049,-3.976023,2020-03-15 ~ 2021-03-31,2020-07-20,PM2.5,17.416666666666668,ug/m3,OpenAQ,NA
Abidjan,US Diplomatic Post: Abidjan,5.335049,-3.976023,2020-03-15 ~ 2021-03-31,2020-07-21,PM2.5,19.291666666666668,ug/m3,OpenAQ,NA
Abidjan,US Diplomatic Post: Abidjan,5.335049,-3.976023,2020-03-15 ~ 2021-03-31,2020-07-22,PM2.5,24.565217391304348,ug/m3,OpenAQ,NA
Abidjan,US Diplomatic Post: Abidjan,5.335049,-3.976023,2020-03-15 ~ 2021-03-31,2020-07-23,PM2.5,27,ug/m3,OpenAQ,NA
Abidjan,US Diplomatic Post: Abidjan,5.335049,-3.976023,2020-03-15 ~ 2021-03-31,2020-07-24,PM2.5,23.083333333333332,ug/m3,OpenAQ,NA
Abidjan,US Diplomatic Post: Abidjan,5.335049,-3.976023,2020-03-15 ~ 2021-03-31,2020-07-25,PM2.5,22.916666666666668,ug/m3,OpenAQ,NA
Abidjan,US Diplomatic Post: Abidjan,5.335049,-3.976023,2020-03-15 ~ 2021-03-31,2020-07-26,PM2.5,23.916666666666668,ug/m3,OpenAQ,NA
Abidjan,US Diplomatic Post: Abidjan,5.335049,-3.976023,2020-03-15 ~ 2021-03-31,2020-07-27,PM2.5,26.208333333333332,ug/m3,OpenAQ,NA
Abidjan,US Diplomatic Post: Abidjan,5.335049,-3.976023,2020-03-15 ~ 2021-03-31,2020-07-28,PM2.5,23.458333333333332,ug/m3,OpenAQ,NA
Abidjan,US Diplomatic Post: Abidjan,5.335049,-3.976023,2020-03-15 ~ 2021-03-31,2020-07-29,PM2.5,21.416666666666668,ug/m3,OpenAQ,NA
Abidjan,US Diplomatic Post: Abidjan,5.335049,-3.976023,2020-03-15 ~ 2021-03-31,2020-07-30,PM2.5,22.083333333333332,ug/m3,OpenAQ,NA
Abidjan,US Diplomatic Post: Abidjan,5.335049,-3.976023,2020-03-15 ~ 2021-03-31,2020-07-31,PM2.5,20.083333333333332,ug/m3,OpenAQ,NA
Abidjan,US Diplomatic Post: Abidjan,5.335049,-3.976023,2020-03-15 ~ 2021-03-31,2020-08-01,PM2.5,19.708333333333332,ug/m3,OpenAQ,NA
Abidjan,US Diplomatic Post: Abidjan,5.335049,-3.976023,2020-03-15 ~ 2021-03-31,2020-08-03,PM2.5,23.333333333333332,ug/m3,OpenAQ,NA
Abidjan,US Diplomatic Post: Abidjan,5.335049,-3.976023,2020-03-15 ~ 2021-03-31,2020-08-04,PM2.5,18.375,ug/m3,OpenAQ,NA
Abidjan,US Diplomatic Post: Abidjan,5.335049,-3.976023,2020-03-15 ~ 2021-03-31,2020-08-05,PM2.5,15.041666666666666,ug/m3,OpenAQ,NA
Abidjan,US Diplomatic Post: Abidjan,5.335049,-3.976023,2020-03-15 ~ 2021-03-31,2020-08-06,PM2.5,17.708333333333332,ug/m3,OpenAQ,NA
Abidjan,US Diplomatic Post: Abidjan,5.335049,-3.976023,2020-03-15 ~ 2021-03-31,2020-08-07,PM2.5,20.625,ug/m3,OpenAQ,NA
Abidjan,US Diplomatic Post: Abidjan,5.335049,-3.976023,2020-03-15 ~ 2021-03-31,2020-08-08,PM2.5,24.5,ug/m3,OpenAQ,NA
Abidjan,US Diplomatic Post: Abidjan,5.335049,-3.976023,2020-03-15 ~ 2021-03-31,2020-08-09,PM2.5,25,ug/m3,OpenAQ,NA
Abidjan,US Diplomatic Post: Abidjan,5.335049,-3.976023,2020-03-15 ~ 2021-03-31,2020-08-10,PM2.5,23.666666666666668,ug/m3,OpenAQ,NA
Abidjan,US Diplomatic Post: Abidjan,5.335049,-3.976023,2020-03-15 ~ 2021-03-31,2020-08-11,PM2.5,22.125,ug/m3,OpenAQ,NA
Abidjan,US Diplomatic Post: Abidjan,5.335049,-3.976023,2020-03-15 ~ 2021-03-31,2020-08-12,PM2.5,19.875,ug/m3,OpenAQ,NA
Abidjan,US Diplomatic Post: Abidjan,5.335049,-3.976023,2020-03-15 ~ 2021-03-31,2020-08-13,PM2.5,26.583333333333332,ug/m3,OpenAQ,NA
Abidjan,US Diplomatic Post: Abidjan,5.335049,-3.976023,2020-03-15 ~ 2021-03-31,2020-08-14,PM2.5,21.791666666666668,ug/m3,OpenAQ,NA
Abidjan,US Diplomatic Post: Abidjan,5.335049,-3.976023,2020-03-15 ~ 2021-03-31,2020-08-15,PM2.5,23.25,ug/m3,OpenAQ,NA
Abidjan,US Diplomatic Post: Abidjan,5.335049,-3.976023,2020-03-15 ~ 2021-03-31,2020-08-16,PM2.5,22.75,ug/m3,OpenAQ,NA
Abidjan,US Diplomatic Post: Abidjan,5.335049,-3.976023,2020-03-15 ~ 2021-03-31,2020-08-17,PM2.5,25.625,ug/m3,OpenAQ,NA
Abidjan,US Diplomatic Post: Abidjan,5.335049,-3.976023,2020-03-15 ~ 2021-03-31,2020-08-18,PM2.5,24.375,ug/m3,OpenAQ,NA
Abidjan,US Diplomatic Post: Abidjan,5.335049,-3.976023,2020-03-15 ~ 2021-03-31,2020-08-19,PM2.5,22.916666666666668,ug/m3,OpenAQ,NA
Abidjan,US Diplomatic Post: Abidjan,5.335049,-3.976023,2020-03-15 ~ 2021-03-31,2020-08-20,PM2.5,21.75,ug/m3,OpenAQ,NA
Abidjan,US Diplomatic Post: Abidjan,5.335049,-3.976023,2020-03-15 ~ 2021-03-31,2020-08-21,PM2.5,22.208333333333332,ug/m3,OpenAQ,NA
Abidjan,US Diplomatic Post: Abidjan,5.335049,-3.976023,2020-03-15 ~ 2021-03-31,2020-08-22,PM2.5,20.958333333333332,ug/m3,OpenAQ,NA
Abidjan,US Diplomatic Post: Abidjan,5.335049,-3.976023,2020-03-15 ~ 2021-03-31,2020-08-23,PM2.5,16.333333333333332,ug/m3,OpenAQ,NA
Abidjan,US Diplomatic Post: Abidjan,5.335049,-3.976023,2020-03-15 ~ 2021-03-31,2020-08-24,PM2.5,21.083333333333332,ug/m3,OpenAQ,NA
Abidjan,US Diplomatic Post: Abidjan,5.335049,-3.976023,2020-03-15 ~ 2021-03-31,2020-08-25,PM2.5,19.916666666666668,ug/m3,OpenAQ,NA
Abidjan,US Diplomatic Post: Abidjan,5.335049,-3.976023,2020-03-15 ~ 2021-03-31,2020-08-26,PM2.5,19.666666666666668,ug/m3,OpenAQ,NA
Abidjan,US Diplomatic Post: Abidjan,5.335049,-3.976023,2020-03-15 ~ 2021-03-31,2020-08-27,PM2.5,20.916666666666668,ug/m3,OpenAQ,NA
Abidjan,US Diplomatic Post: Abidjan,5.335049,-3.976023,2020-03-15 ~ 2021-03-31,2020-08-28,PM2.5,21.458333333333332,ug/m3,OpenAQ,NA
Abidjan,US Diplomatic Post: Abidjan,5.335049,-3.976023,2020-03-15 ~ 2021-03-31,2020-08-29,PM2.5,20.583333333333332,ug/m3,OpenAQ,NA
Abidjan,US Diplomatic Post: Abidjan,5.335049,-3.976023,2020-03-15 ~ 2021-03-31,2020-08-30,PM2.5,17.666666666666668,ug/m3,OpenAQ,NA
Abidjan,US Diplomatic Post: Abidjan,5.335049,-3.976023,2020-03-15 ~ 2021-03-31,2020-08-31,PM2.5,18.333333333333332,ug/m3,OpenAQ,NA
Abidjan,US Diplomatic Post: Abidjan,5.335049,-3.976023,2020-03-15 ~ 2021-03-31,2020-09-01,PM2.5,19.333333333333332,ug/m3,OpenAQ,NA
Abidjan,US Diplomatic Post: Abidjan,5.335049,-3.976023,2020-03-15 ~ 2021-03-31,2020-09-02,PM2.5,18.708333333333332,ug/m3,OpenAQ,NA
Abidjan,US Diplomatic Post: Abidjan,5.335049,-3.976023,2020-03-15 ~ 2021-03-31,2020-09-03,PM2.5,18.041666666666668,ug/m3,OpenAQ,NA
Abidjan,US Diplomatic Post: Abidjan,5.335049,-3.976023,2020-03-15 ~ 2021-03-31,2020-09-05,PM2.5,18.708333333333332,ug/m3,OpenAQ,NA
Abidjan,US Diplomatic Post: Abidjan,5.335049,-3.976023,2020-03-15 ~ 2021-03-31,2020-09-06,PM2.5,14.75,ug/m3,OpenAQ,NA
Abidjan,US Diplomatic Post: Abidjan,5.335049,-3.976023,2020-03-15 ~ 2021-03-31,2020-09-07,PM2.5,15.041666666666666,ug/m3,OpenAQ,NA
Abidjan,US Diplomatic Post: Abidjan,5.335049,-3.976023,2020-03-15 ~ 2021-03-31,2020-09-08,PM2.5,17.25,ug/m3,OpenAQ,NA
Abidjan,US Diplomatic Post: Abidjan,5.335049,-3.976023,2020-03-15 ~ 2021-03-31,2020-09-09,PM2.5,18.291666666666668,ug/m3,OpenAQ,NA
Abidjan,US Diplomatic Post: Abidjan,5.335049,-3.976023,2020-03-15 ~ 2021-03-31,2020-09-10,PM2.5,15.791666666666666,ug/m3,OpenAQ,NA
Abidjan,US Diplomatic Post: Abidjan,5.335049,-3.976023,2020-03-15 ~ 2021-03-31,2020-09-11,PM2.5,16.375,ug/m3,OpenAQ,NA
Abidjan,US Diplomatic Post: Abidjan,5.335049,-3.976023,2020-03-15 ~ 2021-03-31,2020-09-12,PM2.5,19.291666666666668,ug/m3,OpenAQ,NA
Abidjan,US Diplomatic Post: Abidjan,5.335049,-3.976023,2020-03-15 ~ 2021-03-31,2020-09-13,PM2.5,16,ug/m3,OpenAQ,NA
Abidjan,US Diplomatic Post: Abidjan,5.335049,-3.976023,2020-03-15 ~ 2021-03-31,2020-09-26,PM2.5,18.666666666666668,ug/m3,OpenAQ,NA
Abidjan,US Diplomatic Post: Abidjan,5.335049,-3.976023,2020-03-15 ~ 2021-03-31,2020-09-27,PM2.5,14.708333333333334,ug/m3,OpenAQ,NA
Abidjan,US Diplomatic Post: Abidjan,5.335049,-3.976023,2020-03-15 ~ 2021-03-31,2020-09-28,PM2.5,16.583333333333332,ug/m3,OpenAQ,NA
Abidjan,US Diplomatic Post: Abidjan,5.335049,-3.976023,2020-03-15 ~ 2021-03-31,2020-09-29,PM2.5,13.75,ug/m3,OpenAQ,NA
Abidjan,US Diplomatic Post: Abidjan,5.335049,-3.976023,2020-03-15 ~ 2021-03-31,2020-09-30,PM2.5,17.541666666666668,ug/m3,OpenAQ,NA
Abidjan,US Diplomatic Post: Abidjan,5.335049,-3.976023,2020-03-15 ~ 2021-03-31,2020-10-01,PM2.5,16.708333333333332,ug/m3,OpenAQ,NA
Abidjan,US Diplomatic Post: Abidjan,5.335049,-3.976023,2020-03-15 ~ 2021-03-31,2020-10-02,PM2.5,15,ug/m3,OpenAQ,NA
Abidjan,US Diplomatic Post: Abidjan,5.335049,-3.976023,2020-03-15 ~ 2021-03-31,2020-10-03,PM2.5,15,ug/m3,OpenAQ,NA
Abidjan,US Diplomatic Post: Abidjan,5.335049,-3.976023,2020-03-15 ~ 2021-03-31,2020-10-04,PM2.5,14.875,ug/m3,OpenAQ,NA
Abidjan,US Diplomatic Post: Abidjan,5.335049,-3.976023,2020-03-15 ~ 2021-03-31,2020-10-05,PM2.5,17.25,ug/m3,OpenAQ,NA
Abidjan,US Diplomatic Post: Abidjan,5.335049,-3.976023,2020-03-15 ~ 2021-03-31,2020-10-08,PM2.5,30.791666666666668,ug/m3,OpenAQ,NA
Abidjan,US Diplomatic Post: Abidjan,5.335049,-3.976023,2020-03-15 ~ 2021-03-31,2020-10-09,PM2.5,17.416666666666668,ug/m3,OpenAQ,NA
Abidjan,US Diplomatic Post: Abidjan,5.335049,-3.976023,2020-03-15 ~ 2021-03-31,2020-10-10,PM2.5,17.666666666666668,ug/m3,OpenAQ,NA
Abidjan,US Diplomatic Post: Abidjan,5.335049,-3.976023,2020-03-15 ~ 2021-03-31,2020-10-11,PM2.5,14.583333333333334,ug/m3,OpenAQ,NA
Abidjan,US Diplomatic Post: Abidjan,5.335049,-3.976023,2020-03-15 ~ 2021-03-31,2020-10-12,PM2.5,15.916666666666666,ug/m3,OpenAQ,NA
Abidjan,US Diplomatic Post: Abidjan,5.335049,-3.976023,2020-03-15 ~ 2021-03-31,2020-10-13,PM2.5,16.041666666666668,ug/m3,OpenAQ,NA
Abidjan,US Diplomatic Post: Abidjan,5.335049,-3.976023,2020-03-15 ~ 2021-03-31,2020-10-14,PM2.5,19.791666666666668,ug/m3,OpenAQ,NA
Abidjan,US Diplomatic Post: Abidjan,5.335049,-3.976023,2020-03-15 ~ 2021-03-31,2020-10-15,PM2.5,19.375,ug/m3,OpenAQ,NA
Abidjan,US Diplomatic Post: Abidjan,5.335049,-3.976023,2020-03-15 ~ 2021-03-31,2020-10-16,PM2.5,18.75,ug/m3,OpenAQ,NA
Abidjan,US Diplomatic Post: Abidjan,5.335049,-3.976023,2020-03-15 ~ 2021-03-31,2020-10-17,PM2.5,19.5,ug/m3,OpenAQ,NA
Abidjan,US Diplomatic Post: Abidjan,5.335049,-3.976023,2020-03-15 ~ 2021-03-31,2020-10-18,PM2.5,15.416666666666666,ug/m3,OpenAQ,NA
Abidjan,US Diplomatic Post: Abidjan,5.335049,-3.976023,2020-03-15 ~ 2021-03-31,2020-10-19,PM2.5,14.5,ug/m3,OpenAQ,NA
Abidjan,US Diplomatic Post: Abidjan,5.335049,-3.976023,2020-03-15 ~ 2021-03-31,2020-10-20,PM2.5,16.416666666666668,ug/m3,OpenAQ,NA
Abidjan,US Diplomatic Post: Abidjan,5.335049,-3.976023,2020-03-15 ~ 2021-03-31,2020-10-21,PM2.5,23.625,ug/m3,OpenAQ,NA
Abidjan,US Diplomatic Post: Abidjan,5.335049,-3.976023,2020-03-15 ~ 2021-03-31,2020-10-22,PM2.5,16.166666666666668,ug/m3,OpenAQ,NA
Abidjan,US Diplomatic Post: Abidjan,5.335049,-3.976023,2020-03-15 ~ 2021-03-31,2020-10-23,PM2.5,16.833333333333332,ug/m3,OpenAQ,NA
Abidjan,US Diplomatic Post: Abidjan,5.335049,-3.976023,2020-03-15 ~ 2021-03-31,2020-10-24,PM2.5,19.291666666666668,ug/m3,OpenAQ,NA
Abidjan,US Diplomatic Post: Abidjan,5.335049,-3.976023,2020-03-15 ~ 2021-03-31,2020-10-25,PM2.5,19.916666666666668,ug/m3,OpenAQ,NA
Abidjan,US Diplomatic Post: Abidjan,5.335049,-3.976023,2020-03-15 ~ 2021-03-31,2020-10-26,PM2.5,27.416666666666668,ug/m3,OpenAQ,NA
Abidjan,US Diplomatic Post: Abidjan,5.335049,-3.976023,2020-03-15 ~ 2021-03-31,2020-10-27,PM2.5,25.166666666666668,ug/m3,OpenAQ,NA
Abidjan,US Diplomatic Post: Abidjan,5.335049,-3.976023,2020-03-15 ~ 2021-03-31,2020-10-28,PM2.5,28.25,ug/m3,OpenAQ,NA
Abidjan,US Diplomatic Post: Abidjan,5.335049,-3.976023,2020-03-15 ~ 2021-03-31,2020-10-29,PM2.5,29.75,ug/m3,OpenAQ,NA
Abidjan,US Diplomatic Post: Abidjan,5.335049,-3.976023,2020-03-15 ~ 2021-03-31,2020-10-30,PM2.5,28.25,ug/m3,OpenAQ,NA
Abidjan,US Diplomatic Post: Abidjan,5.335049,-3.976023,2020-03-15 ~ 2021-03-31,2020-10-31,PM2.5,19.958333333333332,ug/m3,OpenAQ,NA
Abidjan,US Diplomatic Post: Abidjan,5.335049,-3.976023,2020-03-15 ~ 2021-03-31,2020-11-01,PM2.5,20.541666666666668,ug/m3,OpenAQ,NA
Abidjan,US Diplomatic Post: Abidjan,5.335049,-3.976023,2020-03-15 ~ 2021-03-31,2020-11-02,PM2.5,20.541666666666668,ug/m3,OpenAQ,NA
Abidjan,US Diplomatic Post: Abidjan,5.335049,-3.976023,2020-03-15 ~ 2021-03-31,2020-11-03,PM2.5,21.875,ug/m3,OpenAQ,NA
Abidjan,US Diplomatic Post: Abidjan,5.335049,-3.976023,2020-03-15 ~ 2021-03-31,2020-11-04,PM2.5,24.416666666666668,ug/m3,OpenAQ,NA
Abidjan,US Diplomatic Post: Abidjan,5.335049,-3.976023,2020-03-15 ~ 2021-03-31,2020-11-05,PM2.5,28.125,ug/m3,OpenAQ,NA
Abidjan,US Diplomatic Post: Abidjan,5.335049,-3.976023,2020-03-15 ~ 2021-03-31,2020-11-06,PM2.5,27.208333333333332,ug/m3,OpenAQ,NA
Abidjan,US Diplomatic Post: Abidjan,5.335049,-3.976023,2020-03-15 ~ 2021-03-31,2020-11-07,PM2.5,27,ug/m3,OpenAQ,NA
Abidjan,US Diplomatic Post: Abidjan,5.335049,-3.976023,2020-03-15 ~ 2021-03-31,2020-11-08,PM2.5,22.916666666666668,ug/m3,OpenAQ,NA
Abidjan,US Diplomatic Post: Abidjan,5.335049,-3.976023,2020-03-15 ~ 2021-03-31,2020-11-09,PM2.5,22.208333333333332,ug/m3,OpenAQ,NA
Abidjan,US Diplomatic Post: Abidjan,5.335049,-3.976023,2020-03-15 ~ 2021-03-31,2020-11-10,PM2.5,20.208333333333332,ug/m3,OpenAQ,NA
Abidjan,US Diplomatic Post: Abidjan,5.335049,-3.976023,2020-03-15 ~ 2021-03-31,2020-11-11,PM2.5,22.541666666666668,ug/m3,OpenAQ,NA
Abidjan,US Diplomatic Post: Abidjan,5.335049,-3.976023,2020-03-15 ~ 2021-03-31,2020-11-12,PM2.5,23.166666666666668,ug/m3,OpenAQ,NA
Abidjan,US Diplomatic Post: Abidjan,5.335049,-3.976023,2020-03-15 ~ 2021-03-31,2020-11-13,PM2.5,31.458333333333332,ug/m3,OpenAQ,NA
Abidjan,US Diplomatic Post: Abidjan,5.335049,-3.976023,2020-03-15 ~ 2021-03-31,2020-11-14,PM2.5,31.208333333333332,ug/m3,OpenAQ,NA
Abidjan,US Diplomatic Post: Abidjan,5.335049,-3.976023,2020-03-15 ~ 2021-03-31,2020-11-15,PM2.5,28.333333333333332,ug/m3,OpenAQ,NA
Abidjan,US Diplomatic Post: Abidjan,5.335049,-3.976023,2020-03-15 ~ 2021-03-31,2020-11-16,PM2.5,30.916666666666668,ug/m3,OpenAQ,NA
Abidjan,US Diplomatic Post: Abidjan,5.335049,-3.976023,2020-03-15 ~ 2021-03-31,2020-11-17,PM2.5,29.083333333333332,ug/m3,OpenAQ,NA
Abidjan,US Diplomatic Post: Abidjan,5.335049,-3.976023,2020-03-15 ~ 2021-03-31,2020-11-19,PM2.5,23.916666666666668,ug/m3,OpenAQ,NA
Abidjan,US Diplomatic Post: Abidjan,5.335049,-3.976023,2020-03-15 ~ 2021-03-31,2020-11-21,PM2.5,38.91304347826087,ug/m3,OpenAQ,NA
Abidjan,US Diplomatic Post: Abidjan,5.335049,-3.976023,2020-03-15 ~ 2021-03-31,2020-11-22,PM2.5,33.72222222222222,ug/m3,OpenAQ,NA
Abidjan,US Diplomatic Post: Abidjan,5.335049,-3.976023,2020-03-15 ~ 2021-03-31,2020-11-23,PM2.5,29.875,ug/m3,OpenAQ,NA
Abidjan,US Diplomatic Post: Abidjan,5.335049,-3.976023,2020-03-15 ~ 2021-03-31,2020-11-25,PM2.5,30.045454545454547,ug/m3,OpenAQ,NA
Abidjan,US Diplomatic Post: Abidjan,5.335049,-3.976023,2020-03-15 ~ 2021-03-31,2020-11-26,PM2.5,34.083333333333336,ug/m3,OpenAQ,NA
Abidjan,US Diplomatic Post: Abidjan,5.335049,-3.976023,2020-03-15 ~ 2021-03-31,2020-11-27,PM2.5,27.25,ug/m3,OpenAQ,NA
Abidjan,US Diplomatic Post: Abidjan,5.335049,-3.976023,2020-03-15 ~ 2021-03-31,2020-11-28,PM2.5,33.541666666666664,ug/m3,OpenAQ,NA
Abidjan,US Diplomatic Post: Abidjan,5.335049,-3.976023,2020-03-15 ~ 2021-03-31,2020-11-29,PM2.5,19.166666666666668,ug/m3,OpenAQ,NA
Abidjan,US Diplomatic Post: Abidjan,5.335049,-3.976023,2020-03-15 ~ 2021-03-31,2020-11-30,PM2.5,20.916666666666668,ug/m3,OpenAQ,NA
Abidjan,US Diplomatic Post: Abidjan,5.335049,-3.976023,2020-03-15 ~ 2021-03-31,2020-12-01,PM2.5,22.166666666666668,ug/m3,OpenAQ,NA
Abidjan,US Diplomatic Post: Abidjan,5.335049,-3.976023,2020-03-15 ~ 2021-03-31,2020-12-02,PM2.5,23.875,ug/m3,OpenAQ,NA
Abidjan,US Diplomatic Post: Abidjan,5.335049,-3.976023,2020-03-15 ~ 2021-03-31,2021-01-05,PM2.5,45.208333333333336,ug/m3,OpenAQ,NA
Abidjan,US Diplomatic Post: Abidjan,5.335049,-3.976023,2020-03-15 ~ 2021-03-31,2021-01-06,PM2.5,34.791666666666664,ug/m3,OpenAQ,NA
Abidjan,US Diplomatic Post: Abidjan,5.335049,-3.976023,2020-03-15 ~ 2021-03-31,2021-01-07,PM2.5,47.416666666666664,ug/m3,OpenAQ,NA
Abidjan,US Diplomatic Post: Abidjan,5.335049,-3.976023,2020-03-15 ~ 2021-03-31,2021-01-08,PM2.5,37.333333333333336,ug/m3,OpenAQ,NA
Abidjan,US Diplomatic Post: Abidjan,5.335049,-3.976023,2020-03-15 ~ 2021-03-31,2021-01-09,PM2.5,27.791666666666668,ug/m3,OpenAQ,NA
Abidjan,US Diplomatic Post: Abidjan,5.335049,-3.976023,2020-03-15 ~ 2021-03-31,2021-01-10,PM2.5,24.416666666666668,ug/m3,OpenAQ,NA
Abidjan,US Diplomatic Post: Abidjan,5.335049,-3.976023,2020-03-15 ~ 2021-03-31,2021-01-11,PM2.5,26,ug/m3,OpenAQ,NA
Abidjan,US Diplomatic Post: Abidjan,5.335049,-3.976023,2020-03-15 ~ 2021-03-31,2021-01-14,PM2.5,35.708333333333336,ug/m3,OpenAQ,NA
Abidjan,US Diplomatic Post: Abidjan,5.335049,-3.976023,2020-03-15 ~ 2021-03-31,2021-01-15,PM2.5,28.791666666666668,ug/m3,OpenAQ,NA
Abidjan,US Diplomatic Post: Abidjan,5.335049,-3.976023,2020-03-15 ~ 2021-03-31,2021-01-16,PM2.5,33.125,ug/m3,OpenAQ,NA
Abidjan,US Diplomatic Post: Abidjan,5.335049,-3.976023,2020-03-15 ~ 2021-03-31,2021-01-17,PM2.5,34.208333333333336,ug/m3,OpenAQ,NA
Abidjan,US Diplomatic Post: Abidjan,5.335049,-3.976023,2020-03-15 ~ 2021-03-31,2021-01-18,PM2.5,37.958333333333336,ug/m3,OpenAQ,NA
Abidjan,US Diplomatic Post: Abidjan,5.335049,-3.976023,2020-03-15 ~ 2021-03-31,2021-01-19,PM2.5,39.583333333333336,ug/m3,OpenAQ,NA
Abidjan,US Diplomatic Post: Abidjan,5.335049,-3.976023,2020-03-15 ~ 2021-03-31,2021-01-20,PM2.5,38.041666666666664,ug/m3,OpenAQ,NA
Abidjan,US Diplomatic Post: Abidjan,5.335049,-3.976023,2020-03-15 ~ 2021-03-31,2021-01-21,PM2.5,44.208333333333336,ug/m3,OpenAQ,NA
Abidjan,US Diplomatic Post: Abidjan,5.335049,-3.976023,2020-03-15 ~ 2021-03-31,2021-01-22,PM2.5,52.083333333333336,ug/m3,OpenAQ,NA
Abidjan,US Diplomatic Post: Abidjan,5.335049,-3.976023,2020-03-15 ~ 2021-03-31,2021-01-24,PM2.5,73.54166666666667,ug/m3,OpenAQ,NA
Abidjan,US Diplomatic Post: Abidjan,5.335049,-3.976023,2020-03-15 ~ 2021-03-31,2021-01-25,PM2.5,68.125,ug/m3,OpenAQ,NA
Abidjan,US Diplomatic Post: Abidjan,5.335049,-3.976023,2020-03-15 ~ 2021-03-31,2021-01-26,PM2.5,74.875,ug/m3,OpenAQ,NA
Abidjan,US Diplomatic Post: Abidjan,5.335049,-3.976023,2020-03-15 ~ 2021-03-31,2021-01-27,PM2.5,66.08333333333333,ug/m3,OpenAQ,NA
Abidjan,US Diplomatic Post: Abidjan,5.335049,-3.976023,2020-03-15 ~ 2021-03-31,2021-01-28,PM2.5,59.041666666666664,ug/m3,OpenAQ,NA
Abidjan,US Diplomatic Post: Abidjan,5.335049,-3.976023,2020-03-15 ~ 2021-03-31,2021-01-29,PM2.5,51.208333333333336,ug/m3,OpenAQ,NA
Abidjan,US Diplomatic Post: Abidjan,5.335049,-3.976023,2020-03-15 ~ 2021-03-31,2021-02-03,PM2.5,41.583333333333336,ug/m3,OpenAQ,NA
Abidjan,US Diplomatic Post: Abidjan,5.335049,-3.976023,2020-03-15 ~ 2021-03-31,2021-02-04,PM2.5,47.791666666666664,ug/m3,OpenAQ,NA
Abidjan,US Diplomatic Post: Abidjan,5.335049,-3.976023,2020-03-15 ~ 2021-03-31,2021-02-05,PM2.5,46.125,ug/m3,OpenAQ,NA
Abidjan,US Diplomatic Post: Abidjan,5.335049,-3.976023,2020-03-15 ~ 2021-03-31,2021-02-06,PM2.5,44.916666666666664,ug/m3,OpenAQ,NA
Abidjan,US Diplomatic Post: Abidjan,5.335049,-3.976023,2020-03-15 ~ 2021-03-31,2021-02-07,PM2.5,31.041666666666668,ug/m3,OpenAQ,NA
Abidjan,US Diplomatic Post: Abidjan,5.335049,-3.976023,2020-03-15 ~ 2021-03-31,2021-02-08,PM2.5,33.291666666666664,ug/m3,OpenAQ,NA
Abidjan,US Diplomatic Post: Abidjan,5.335049,-3.976023,2020-03-15 ~ 2021-03-31,2021-02-09,PM2.5,42.083333333333336,ug/m3,OpenAQ,NA
Abidjan,US Diplomatic Post: Abidjan,5.335049,-3.976023,2020-03-15 ~ 2021-03-31,2021-02-10,PM2.5,35.791666666666664,ug/m3,OpenAQ,NA
Abidjan,US Diplomatic Post: Abidjan,5.335049,-3.976023,2020-03-15 ~ 2021-03-31,2021-02-12,PM2.5,43,ug/m3,OpenAQ,NA
Abidjan,US Diplomatic Post: Abidjan,5.335049,-3.976023,2020-03-15 ~ 2021-03-31,2021-02-15,PM2.5,28.875,ug/m3,OpenAQ,NA
Abidjan,US Diplomatic Post: Abidjan,5.335049,-3.976023,2020-03-15 ~ 2021-03-31,2021-02-16,PM2.5,37.833333333333336,ug/m3,OpenAQ,NA
Abidjan,US Diplomatic Post: Abidjan,5.335049,-3.976023,2020-03-15 ~ 2021-03-31,2021-02-18,PM2.5,38.75,ug/m3,OpenAQ,NA
Abidjan,US Diplomatic Post: Abidjan,5.335049,-3.976023,2020-03-15 ~ 2021-03-31,2021-02-19,PM2.5,28.956521739130434,ug/m3,OpenAQ,NA
Abidjan,US Diplomatic Post: Abidjan,5.335049,-3.976023,2020-03-15 ~ 2021-03-31,2021-02-20,PM2.5,35,ug/m3,OpenAQ,NA
Abidjan,US Diplomatic Post: Abidjan,5.335049,-3.976023,2020-03-15 ~ 2021-03-31,2021-02-21,PM2.5,39.666666666666664,ug/m3,OpenAQ,NA
Abidjan,US Diplomatic Post: Abidjan,5.335049,-3.976023,2020-03-15 ~ 2021-03-31,2021-02-23,PM2.5,64.58333333333333,ug/m3,OpenAQ,NA
Abidjan,US Diplomatic Post: Abidjan,5.335049,-3.976023,2020-03-15 ~ 2021-03-31,2021-02-24,PM2.5,59.125,ug/m3,OpenAQ,NA
Abidjan,US Diplomatic Post: Abidjan,5.335049,-3.976023,2020-03-15 ~ 2021-03-31,2021-02-25,PM2.5,46.666666666666664,ug/m3,OpenAQ,NA
Abidjan,US Diplomatic Post: Abidjan,5.335049,-3.976023,2020-03-15 ~ 2021-03-31,2021-02-26,PM2.5,44.458333333333336,ug/m3,OpenAQ,NA
Abidjan,US Diplomatic Post: Abidjan,5.335049,-3.976023,2020-03-15 ~ 2021-03-31,2021-02-27,PM2.5,30.333333333333332,ug/m3,OpenAQ,NA
Abidjan,US Diplomatic Post: Abidjan,5.335049,-3.976023,2020-03-15 ~ 2021-03-31,2021-02-28,PM2.5,29.40909090909091,ug/m3,OpenAQ,NA
Abidjan,US Diplomatic Post: Abidjan,5.335049,-3.976023,2020-03-15 ~ 2021-03-31,2021-03-02,PM2.5,36.625,ug/m3,OpenAQ,NA
Abidjan,US Diplomatic Post: Abidjan,5.335049,-3.976023,2020-03-15 ~ 2021-03-31,2021-03-03,PM2.5,39.5,ug/m3,OpenAQ,NA
Abidjan,US Diplomatic Post: Abidjan,5.335049,-3.976023,2020-03-15 ~ 2021-03-31,2021-03-04,PM2.5,37.416666666666664,ug/m3,OpenAQ,NA
Abidjan,US Diplomatic Post: Abidjan,5.335049,-3.976023,2020-03-15 ~ 2021-03-31,2021-03-05,PM2.5,34.875,ug/m3,OpenAQ,NA
Abidjan,US Diplomatic Post: Abidjan,5.335049,-3.976023,2020-03-15 ~ 2021-03-31,2021-03-06,PM2.5,29.208333333333332,ug/m3,OpenAQ,NA
Abidjan,US Diplomatic Post: Abidjan,5.335049,-3.976023,2020-03-15 ~ 2021-03-31,2021-03-07,PM2.5,29.583333333333332,ug/m3,OpenAQ,NA
Abidjan,US Diplomatic Post: Abidjan,5.335049,-3.976023,2020-03-15 ~ 2021-03-31,2021-03-08,PM2.5,29.541666666666668,ug/m3,OpenAQ,NA
Abidjan,US Diplomatic Post: Abidjan,5.335049,-3.976023,2020-03-15 ~ 2021-03-31,2021-03-09,PM2.5,29.333333333333332,ug/m3,OpenAQ,NA
Abidjan,US Diplomatic Post: Abidjan,5.335049,-3.976023,2020-03-15 ~ 2021-03-31,2021-03-10,PM2.5,30.75,ug/m3,OpenAQ,NA
Abidjan,US Diplomatic Post: Abidjan,5.335049,-3.976023,2020-03-15 ~ 2021-03-31,2021-03-11,PM2.5,29.375,ug/m3,OpenAQ,NA
Abidjan,US Diplomatic Post: Abidjan,5.335049,-3.976023,2020-03-15 ~ 2021-03-31,2021-03-12,PM2.5,27.791666666666668,ug/m3,OpenAQ,NA
Abidjan,US Diplomatic Post: Abidjan,5.335049,-3.976023,2020-03-15 ~ 2021-03-31,2021-03-13,PM2.5,25.333333333333332,ug/m3,OpenAQ,NA
Abidjan,US Diplomatic Post: Abidjan,5.335049,-3.976023,2020-03-15 ~ 2021-03-31,2021-03-14,PM2.5,21.583333333333332,ug/m3,OpenAQ,NA
Abidjan,US Diplomatic Post: Abidjan,5.335049,-3.976023,2020-03-15 ~ 2021-03-31,2021-03-15,PM2.5,29.208333333333332,ug/m3,OpenAQ,NA
Abidjan,US Diplomatic Post: Abidjan,5.335049,-3.976023,2020-03-15 ~ 2021-03-31,2021-03-16,PM2.5,21.916666666666668,ug/m3,OpenAQ,NA
Abidjan,US Diplomatic Post: Abidjan,5.335049,-3.976023,2020-03-15 ~ 2021-03-31,2021-03-18,PM2.5,31.75,ug/m3,OpenAQ,NA
Abidjan,US Diplomatic Post: Abidjan,5.335049,-3.976023,2020-03-15 ~ 2021-03-31,2021-03-22,PM2.5,30.625,ug/m3,OpenAQ,NA
Abidjan,US Diplomatic Post: Abidjan,5.335049,-3.976023,2020-03-15 ~ 2021-03-31,2021-03-23,PM2.5,22.083333333333332,ug/m3,OpenAQ,NA
Abidjan,US Diplomatic Post: Abidjan,5.335049,-3.976023,2020-03-15 ~ 2021-03-31,2021-03-24,PM2.5,25.25,ug/m3,OpenAQ,NA
Abidjan,US Diplomatic Post: Abidjan,5.335049,-3.976023,2020-03-15 ~ 2021-03-31,2021-03-25,PM2.5,26.458333333333332,ug/m3,OpenAQ,NA
Abidjan,US Diplomatic Post: Abidjan,5.335049,-3.976023,2020-03-15 ~ 2021-03-31,2021-03-26,PM2.5,39.208333333333336,ug/m3,OpenAQ,NA
Abidjan,US Diplomatic Post: Abidjan,5.335049,-3.976023,2020-03-15 ~ 2021-03-31,2021-03-27,PM2.5,26.541666666666668,ug/m3,OpenAQ,NA
Abidjan,US Diplomatic Post: Abidjan,5.335049,-3.976023,2020-03-15 ~ 2021-03-31,2021-03-28,PM2.5,28.416666666666668,ug/m3,OpenAQ,NA
Abidjan,US Diplomatic Post: Abidjan,5.335049,-3.976023,2020-03-15 ~ 2021-03-31,2021-03-29,PM2.5,36.5,ug/m3,OpenAQ,NA
Abidjan,US Diplomatic Post: Abidjan,5.335049,-3.976023,2020-03-15 ~ 2021-03-31,2021-03-30,PM2.5,51,ug/m3,OpenAQ,NA
